<!DOCTYPE hibernate-configuration PUBLIC
	"-//Hibernate/Hibernate Configuration DTD 3.0//EN"
	"http://www.hibernate.org/dtd/hibernate-configuration-3.0.dtd">

<hibernate-configuration>
	<session-factory>
		<!-- 1，数据库连接信息 -->
		<property name="hibernate.connection.driver_class">com.mysql.jdbc.Driver</property>
		<property name="hibernate.connection.url">jdbc:mysql://10.101.55.64:3306/stock?useUnicode=true&amp;characterEncoding=UTF8</property>
		<property name="hibernate.connection.username">sunke</property>
		<property name="hibernate.connection.password">123456</property>
		<property name="hibernate.dialect">
			org.hibernate.dialect.MySQL5InnoDBDialect
		</property>
		<property name="hbm2ddl.auto">update</property>
		<property name="show_sql">true</property>
		<property name="format_sql">true</property>
		<mapping resource="com/stockmarket/model/User.hbm.xml" />
		<mapping resource="com/stockmarket/model/Company.hbm.xml" />

	</session-factory>
</hibernate-configuration>