<?xml version="1.0"?>
<!DOCTYPE hibernate-mapping PUBLIC "-//Hibernate/Hibernate Mapping DTD 3.0//EN"
"http://hibernate.sourceforge.net/hibernate-mapping-3.0.dtd">
<!-- Generated 2015-10-16 15:26:22 by Hibernate Tools 3.4.0.CR1 -->
<hibernate-mapping>
    <class name="com.stockmarket.model.Company" table="COMPANY">
        <id name="id" type="int">
            <column name="ID" />
            <generator class="increment" />
        </id>
        <property name="name" type="java.lang.String">
            <column name="NAME" />
        </property>
        <property name="stockCode" type="java.lang.String">
            <column name="STOCKCODE" />
        </property>
        <property name="numberCode" type="java.lang.String">
            <column name="NUMBERCODE" />
        </property>
        <property name="stockTotal" type="long">
            <column name="STOCKTOTAL" />
        </property>
        <property name="circulateStock" type="long">
            <column name="CIRCULATESTOCK" />
        </property>
        <property name="description" type="java.lang.String">
            <column name="DESCRIPTION" />
        </property>
    </class>
</hibernate-mapping>
