<?xml version="1.0"?>
<!DOCTYPE hibernate-mapping PUBLIC "-//Hibernate/Hibernate Mapping DTD 3.0//EN"
"http://hibernate.sourceforge.net/hibernate-mapping-3.0.dtd">
<!-- Generated 2015-10-16 15:26:22 by Hibernate Tools 3.4.0.CR1 -->
<hibernate-mapping>
    <class name="com.stockmarket.model.JsonResult" table="JSONRESULT">
        <id name="code" type="int">
            <column name="CODE" />
            <generator class="assigned" />
        </id>
        <property name="msg" type="java.lang.String">
            <column name="MSG" />
        </property>
        <property name="data" type="java.lang.Object">
            <column name="DATA" />
        </property>
    </class>
</hibernate-mapping>
