<?xml version="1.0"?>
<!DOCTYPE hibernate-mapping PUBLIC "-//Hibernate/Hibernate Mapping DTD 3.0//EN"
"http://hibernate.sourceforge.net/hibernate-mapping-3.0.dtd">
<!-- Generated 2015-10-16 15:26:22 by Hibernate Tools 3.4.0.CR1 -->
<hibernate-mapping>
    <class name="com.stockmarket.model.Order" table="ORDER">
        <id name="id" type="java.lang.String">
            <column name="ID" />
            <generator class="assigned" />
        </id>
        <property name="number" type="long">
            <column name="NUMBER" />
        </property>
        <property name="price" type="long">
            <column name="PRICE" />
        </property>
        <property name="stockCode" type="java.lang.String">
            <column name="STOCKCODE" />
        </property>
        <property name="type">
            <column name="TYPE" />
            <type name="org.hibernate.type.EnumType">
                <param name="type">12</param>
                <param name="enumClass">com.stockmarket.model.Order$OrderType</param>
            </type>
        </property>
        <property name="createAt" type="long">
            <column name="CREATEAT" />
        </property>
        <property name="userId" type="int">
            <column name="USERID" />
        </property>
        <property name="status" type="int">
            <column name="STATUS" />
        </property>
        <property name="statusName" type="java.lang.String">
            <column name="STATUSNAME" />
        </property>
    </class>
</hibernate-mapping>
