<?xml version="1.0"?>
<!DOCTYPE hibernate-mapping PUBLIC "-//Hibernate/Hibernate Mapping DTD 3.0//EN"
"http://hibernate.sourceforge.net/hibernate-mapping-3.0.dtd">
<!-- Generated 2015-10-16 15:26:22 by Hibernate Tools 3.4.0.CR1 -->
<hibernate-mapping>
    <class name="com.stockmarket.model.Stock" table="STOCK">
        <id name="stockCode" type="java.lang.String">
            <column name="STOCKCODE" />
            <generator class="assigned" />
        </id>
        <property name="companyName" type="java.lang.String">
            <column name="COMPANYNAME" />
        </property>
        <property name="currentStockPrice" type="long">
            <column name="CURRENTSTOCKPRICE" />
        </property>
        <property name="marketValue" type="long">
            <column name="MARKETVALUE" />
        </property>
        <property name="floatPercent" type="float">
            <column name="FLOATPERCENT" />
        </property>
    </class>
</hibernate-mapping>
