<?xml version="1.0"?>
<!DOCTYPE hibernate-mapping PUBLIC "-//Hibernate/Hibernate Mapping DTD 3.0//EN"
"http://hibernate.sourceforge.net/hibernate-mapping-3.0.dtd">
<!-- Generated 2015-10-16 15:26:22 by Hibernate Tools 3.4.0.CR1 -->
<hibernate-mapping>
    <class name="com.stockmarket.model.TurnoverOrder" table="TURNOVERORDER">
        <id name="sourceBuyOrder" type="com.stockmarket.model.Order">
            <column name="SOURCEBUYORDER" />
            <generator class="assigned" />
        </id>
        <list name="sourceSellOrder" inverse="false" table="ORDER" lazy="true">
            <key>
                <column name="SOURCEBUYORDER" />
            </key>
            <list-index></list-index>
            <one-to-many class="com.stockmarket.model.Order" />
        </list>
        <property name="number" type="long">
            <column name="NUMBER" />
        </property>
    </class>
</hibernate-mapping>
