<?xml version="1.0"?>
<!DOCTYPE hibernate-mapping PUBLIC "-//Hibernate/Hibernate Mapping DTD 3.0//EN"
"http://hibernate.sourceforge.net/hibernate-mapping-3.0.dtd">
<!-- Generated 2015-10-16 15:26:22 by Hibernate Tools 3.4.0.CR1 -->
<hibernate-mapping>
    <class name="com.stockmarket.model.User" table="USER">
        <id name="id" type="int">
            <column name="ID" />
            <generator class="increment" />
        </id>
        <property name="username" type="java.lang.String">
            <column name="USERNAME" />
        </property>
        <property name="password" type="java.lang.String">
            <column name="PASSWORD" />
        </property>
        <property name="email" type="java.lang.String">
            <column name="EMAIL" />
        </property>
        <property name="user_token" type="java.lang.String">
            <column name="USER_TOKEN" />
        </property>
        <property name="device_id" type="java.lang.String">
            <column name="DEVICE_ID" />
        </property>
        <property name="temp_id" type="java.lang.String">
            <column name="TEMP_ID" />
        </property>
    </class>
</hibernate-mapping>
